date,sherrill_pct,opponent_pct,margin_interpolated,days_until_election,reddit_avg_sentiment,reddit_post_volume,reddit_total_upvotes,reddit_total_comments,reddit_weighted_sentiment,reddit_weighted_sentiment_norm
2025-06-14,56.0,35.0,21.0,144,-0.0549,14,2996,632,-74.8497,-0.024983210947930573
2025-06-15,55.69,35.06,20.64,143,-0.0723047619047619,21,3571,729,-280.9114,-0.0786646317558107
2025-06-16,55.39,35.11,20.28,142,-0.04586666666666667,18,5034,1094,-500.1545,-0.09935528406833531
2025-06-17,55.08,35.17,19.92,141,-0.18814999999999998,20,5202,843,-872.6717,-0.16775695886197617
2025-06-18,54.78,35.22,19.56,140,-0.10957142857142858,21,5966,905,-734.0995999999999,-0.12304720080455915
2025-06-19,54.47,35.28,19.19,139,-0.22876,10,2850,394,-822.9640999999999,-0.2887593333333333
2025-06-20,54.17,35.33,18.83,138,-0.13412727272727273,11,2325,568,-251.4272,-0.1081407311827957
2025-06-21,53.86,35.39,18.47,137,-0.17959545454545453,22,4525,896,-874.6006,-0.19328190055248617
2025-06-22,53.56,35.44,18.11,136,-0.24275,8,1404,501,-304.5103,-0.21688767806267803
2025-06-23,53.25,35.5,17.75,135,-0.07164285714285715,21,4337,902,-255.21429999999998,-0.05884581507954807
2025-06-24,52.94,35.56,17.39,134,-0.1479,18,3721,1063,-678.2881,-0.1822865090029562
2025-06-25,52.64,35.61,17.03,133,-0.12342941176470588,17,3546,591,-618.3492,-0.1743793570219966
2025-06-26,52.33,35.67,16.67,132,-0.1054,11,1857,473,-146.4174,-0.07884620355411955
2025-06-27,52.03,35.72,16.31,131,-0.203175,12,2929,595,-693.7749,-0.2368640833048822
2025-06-28,51.72,35.78,15.94,130,-0.08256,10,2159,638,-326.48179999999996,-0.15121899027327465
2025-06-29,51.42,35.83,15.58,129,-0.1270888888888889,9,1999,461,-137.25599999999997,-0.06866233116558278
2025-06-30,51.11,35.89,15.22,128,-0.08089375,16,3227,875,-194.23529999999997,-0.06019067245119305
2025-07-01,50.81,35.94,14.86,127,-0.1333,7,1631,256,-115.4335,-0.07077467811158798
2025-07-02,50.5,36.0,14.5,126,-0.07256363636363636,11,2576,520,-117.00949999999999,-0.04542294254658385
2025-07-03,50.19,36.06,14.14,125,-0.08477142857142857,14,3448,533,-339.9752,-0.09860069605568444
2025-07-04,49.89,36.11,13.78,124,-0.1478590909090909,22,5269,1014,-615.8127999999999,-0.11687470108179919
2025-07-05,49.58,36.17,13.42,123,-0.0614,13,3514,706,-172.9278,-0.04921109846328969
2025-07-06,49.28,36.22,13.06,122,-0.38839999999999997,5,893,199,-321.5234,-0.3600486002239641
2025-07-07,48.97,36.28,12.69,121,-0.05824375000000001,16,2271,667,-186.04410000000001,-0.0819216644649934
2025-07-08,48.67,36.33,12.33,120,-0.03692307692307692,13,2644,690,-237.73329999999999,-0.089914258698941
2025-07-09,48.36,36.39,11.97,119,-0.11676470588235294,17,4019,683,-677.7327,-0.16863217218213486
2025-07-10,48.06,36.44,11.61,118,0.0,13,3428,624,0.0,0.0
2025-07-11,47.75,36.5,11.25,117,-0.13974999999999999,10,2281,399,-290.77459999999996,-0.12747680841736078
2025-07-12,47.44,36.56,10.89,116,-0.05159999999999999,23,4240,1302,-212.30819999999997,-0.050072688679245275
2025-07-13,47.14,36.61,10.53,115,-0.11824444444444444,9,1518,546,-83.8187,-0.05521653491436101
2025-07-14,46.83,36.67,10.17,114,-0.15721666666666667,18,4662,902,-565.9989999999999,-0.12140690690690689
2025-07-15,46.53,36.72,9.81,113,-0.13974999999999999,10,2799,550,-468.571,-0.1674065737763487
2025-07-16,46.22,36.78,9.44,112,-0.202975,16,3314,614,-927.1021999999999,-0.27975322872661434
2025-07-17,45.92,36.83,9.08,111,-0.07124444444444444,27,4979,988,-519.8148,-0.10440144607350874
2025-07-18,45.61,36.89,8.72,110,-0.03296666666666667,9,997,367,-141.18189999999998,-0.14160672016048143
2025-07-19,45.31,36.94,8.36,109,-0.07353333333333334,21,3394,782,-343.0919,-0.10108777253977608
2025-07-20,45.0,37.0,8.0,108,-0.1340904761904762,21,3028,1166,-490.11529999999993,-0.1618610634081902
2025-07-21,45.55,37.73,7.82,107,-0.09455454545454546,11,1386,523,-34.3189,-0.024761111111111112
2025-07-22,46.09,38.45,7.64,106,-0.06718571428571429,21,3801,1070,-496.2652,-0.13056174690870823
2025-07-23,46.64,39.18,7.45,105,-0.12193181818181818,22,4597,1340,-606.6372,-0.13196371546660865
2025-07-24,47.18,39.91,7.27,104,-0.17074166666666665,24,4556,1298,-841.6786,-0.18474069359086917
2025-07-25,47.73,40.64,7.09,103,-0.14719285714285715,14,1589,662,-262.1693,-0.16499011957205792
2025-07-26,48.27,41.36,6.91,102,-0.09253793103448277,29,5602,1487,-726.9909,-0.12977345590860406
2025-07-27,48.82,42.09,6.73,101,-0.1152875,16,2787,995,-456.51129999999995,-0.16380025116612842
2025-07-28,49.36,42.82,6.55,100,-0.09178235294117647,17,2841,718,-108.15629999999999,-0.03806979936642027
2025-07-29,49.91,43.55,6.36,99,-0.22453478260869564,23,3397,1135,-699.0382,-0.205781042095967
2025-07-30,50.45,44.27,6.18,98,-0.20992222222222223,18,3270,806,-567.5332,-0.17355755351681956
2025-07-31,51.0,45.0,6.0,97,-0.15250666666666665,15,3562,766,-780.6434999999999,-0.21915875912408755
2025-08-01,50.2,43.4,6.8,96,-0.1205,16,2745,862,-196.8575,-0.07171493624772313
2025-08-02,49.4,41.8,7.6,95,-0.09338421052631579,19,4397,1018,-320.66499999999996,-0.07292813281783032
2025-08-03,48.6,40.2,8.4,94,-0.037983333333333334,24,4550,1019,-175.2594,-0.03851854945054945
2025-08-04,47.8,38.6,9.2,93,-0.08686,10,2183,432,-241.1139,-0.11045071003206597
2025-08-05,47.0,37.0,10.0,92,-0.10398181818181818,11,2754,443,-234.47899999999998,-0.08514124909222948
2025-08-06,47.0,37.0,10.0,91,-0.004777777777777782,9,1038,382,0.6965999999999997,0.0006710982658959534
2025-08-07,47.0,37.0,10.0,90,-0.14834999999999998,14,3514,652,-827.1781,-0.23539501992031872
2025-08-08,47.0,37.0,10.0,89,-0.18668666666666667,15,3435,638,-623.1243,-0.1814044541484716
2025-08-09,47.0,37.0,10.0,88,-0.0903,19,4579,852,-724.0254,-0.1581186721991701
2025-08-10,47.0,37.0,10.0,87,-0.14512727272727274,22,3338,1192,-372.1765,-0.11149685440383462
2025-08-11,47.0,37.0,10.0,86,-0.03812666666666666,15,3786,647,-68.628,-0.01812678288431062
2025-08-12,47.0,37.0,10.0,85,-0.0714875,16,4036,767,-201.30879999999996,-0.04987829534192269
2025-08-13,47.0,37.0,10.0,84,-0.04765833333333333,12,2302,620,-284.8062,-0.12372119895742832
2025-08-14,47.0,37.0,10.0,83,-0.28751,10,2369,505,-797.6254,-0.3366928661882651
2025-08-15,47.0,37.0,10.0,82,-0.10752380952380952,21,4236,809,-387.51869999999997,-0.09148222379603399
2025-08-16,47.0,37.0,10.0,81,-0.092275,16,3447,671,-307.58660000000003,-0.08923313025819554
2025-08-17,47.0,37.0,10.0,80,-0.020715384615384618,13,3521,579,-15.469800000000001,-0.004393581368929282
2025-08-18,47.0,37.0,10.0,79,-0.14050833333333332,12,2807,573,-470.22639999999996,-0.16751920199501244
2025-08-19,47.0,37.0,10.0,78,-0.0817,7,1441,395,-40.6049,-0.028178278972935462
2025-08-20,47.0,37.0,10.0,77,-0.21961176470588234,17,2809,755,-477.7548,-0.17008002847988607
2025-08-21,47.0,37.0,10.0,76,-0.291995,20,3985,1219,-1127.2261999999998,-0.28286730238393976
2025-08-22,47.0,37.0,10.0,75,-0.10405454545454546,22,5038,1052,-350.3730999999999,-0.06954606986899561
2025-08-23,47.0,37.0,10.0,74,-0.286925,16,3848,888,-946.4740999999999,-0.24596520270270267
2025-08-24,47.0,37.0,10.0,73,-0.04856470588235294,17,3542,843,-188.77859999999998,-0.05329717673630717
2025-08-25,47.0,37.0,10.0,72,0.0,12,2092,441,0.0,0.0
2025-08-26,47.0,37.0,10.0,71,-0.11950909090909091,11,1866,447,-88.0026,-0.04716109324758842
2025-08-27,47.0,37.0,10.0,70,-0.0714875,16,3939,877,-425.4936,-0.10802071591774562
2025-08-28,47.0,37.0,10.0,69,-0.20925,10,1633,488,-175.5553,-0.10750477648499693
2025-08-29,47.0,37.0,10.0,68,-0.1043,19,5238,1012,-327.8821,-0.06259681176021382
2025-08-30,47.0,37.0,10.0,67,-0.06593333333333333,18,4236,885,-403.125,-0.09516643059490085
2025-08-31,47.0,37.0,10.0,66,-0.11828666666666666,15,3074,575,-223.2685,-0.07263126219908914
2025-09-01,47.0,37.0,10.0,65,0.0,9,1928,548,0.0,0.0
2025-09-02,47.0,37.0,10.0,64,-0.04526,5,798,275,-6.789,-0.008507518796992481
2025-09-03,47.0,37.0,10.0,63,-0.1164,16,2635,711,-298.3094,-0.11321039848197342
2025-09-04,47.2,37.4,9.8,62,-0.057014285714285705,14,3512,821,-188.94099999999997,-0.05379869020501138
2025-09-05,47.4,37.8,9.6,61,-0.08844444444444445,9,1612,526,-209.98729999999998,-0.13026507444168733
2025-09-06,47.6,38.2,9.4,60,-0.10931052631578946,19,3958,967,-328.1502,-0.08290808489135927
2025-09-07,47.8,38.6,9.2,59,-0.04515,8,1982,374,-5.7792,-0.0029158425832492433
2025-09-08,48.0,39.0,9.0,58,-0.1505,19,4255,921,-663.4039999999999,-0.1559116333725029
2025-09-09,48.2,39.4,8.8,57,-0.08772631578947368,19,3654,767,-514.2881,-0.14074660645867543
2025-09-10,48.4,39.8,8.6,56,-0.018858333333333335,12,1636,667,-5.6575,-0.003458129584352078
2025-09-11,48.6,40.2,8.4,55,-0.11515294117647058,17,2707,963,-126.1386,-0.046597192463982265
2025-09-12,48.8,40.6,8.2,54,-0.16687083333333333,24,5017,1252,-870.2538999999999,-0.17346101255730514
2025-09-13,49.0,41.0,8.0,53,-0.14885652173913044,23,2782,1220,-521.2015,-0.187347771387491
2025-09-14,48.33,41.22,7.11,52,-0.19363333333333332,27,5480,1156,-1017.8322999999999,-0.1857358211678832
2025-09-15,47.67,41.44,6.22,51,-0.08809333333333333,30,6829,1659,-625.1015,-0.09153631571240299
2025-09-16,47.0,41.67,5.33,50,-0.13556730769230768,52,7683,2684,-1309.7250999999999,-0.1704705323441364
2025-09-17,46.33,41.89,4.44,49,-0.1724135135135135,37,8268,1906,-1133.9853,-0.13715351959361394
2025-09-18,45.67,42.11,3.56,48,-0.1582769230769231,39,6205,1764,-1043.723,-0.1682067687348912
2025-09-19,45.0,42.33,2.67,47,-0.13053823529411765,34,5342,1710,-747.8024,-0.13998547360539124
2025-09-20,44.33,42.56,1.78,46,-0.0959953488372093,43,7362,1904,-483.8854,-0.06572743819614235
2025-09-21,43.67,42.78,0.89,45,-0.08698571428571429,7,660,401,-127.50280000000001,-0.1931860606060606
2025-09-22,43.0,43.0,0.0,44,-0.03565000000000001,12,2022,538,-59.0526,-0.029205044510385757
2025-09-23,44.75,42.75,2.0,43,-0.15243846153846155,13,2017,660,-323.88439999999997,-0.16057729300941992
2025-09-24,46.5,42.5,4.0,42,-0.14387692307692307,26,4858,1211,-740.3175,-0.15239141622066693
2025-09-25,48.25,42.25,6.0,41,0.012689999999999996,20,3289,929,-64.64779999999999,-0.01965576162967467
2025-09-26,50.0,42.0,8.0,40,-0.08201282051282052,39,6428,1799,-811.1198999999999,-0.12618542314872433
2025-09-27,49.33,43.33,6.0,39,-0.10663846153846154,39,7184,1920,-722.5694,-0.10058037305122494
2025-09-28,48.67,44.67,4.0,38,-0.1478536585365854,41,6865,2176,-1328.2626,-0.1934832629278951
2025-09-29,48.0,46.0,2.0,37,-0.11037142857142858,42,8248,2039,-874.4747,-0.10602263579049466
2025-09-30,48.18,45.91,2.27,36,-0.08646875,16,2970,832,-223.5611,-0.07527309764309764
2025-10-01,48.36,45.82,2.55,35,-0.11847368421052631,19,2538,1021,-430.66949999999997,-0.1696885342789598
2025-10-02,48.55,45.73,2.82,34,-0.0763952380952381,21,4651,1156,-118.46539999999999,-0.025470952483336914
2025-10-03,48.73,45.64,3.09,33,-0.16792608695652173,23,5099,1062,-770.1466999999999,-0.1510387723082957
2025-10-04,48.91,45.55,3.36,32,-0.012696875000000003,32,5125,1695,-160.2358,-0.03126552195121952
2025-10-05,49.09,45.45,3.64,31,-0.16295,12,2143,537,-401.95149999999995,-0.1875648623425105
2025-10-06,49.27,45.36,3.91,30,-0.1610470588235294,17,2040,1018,-372.1745,-0.18243848039215688
2025-10-07,49.45,45.27,4.18,29,-0.10534444444444445,27,5184,1596,-1102.7595999999999,-0.2127236882716049
2025-10-08,49.64,45.18,4.45,28,-0.14020869565217392,23,4262,1038,-634.2823999999999,-0.14882271234162364
2025-10-09,49.82,45.09,4.73,27,-0.11646875000000001,16,2909,851,-531.7043,-0.18277906497078034
2025-10-10,50.0,45.0,5.0,26,-0.1175611111111111,18,2575,889,-559.3198,-0.21721157281553397
2025-10-11,50.0,44.0,6.0,25,-0.18156111111111112,36,6437,1948,-1230.2064,-0.19111486717414947
2025-10-12,52.0,45.0,7.0,24,-0.054745,20,2924,1117,-229.9334,-0.07863659370725035
2025-10-13,48.5,44.5,4.0,23,-0.15545882352941176,17,3293,793,-624.7944,-0.1897341026419678
2025-10-14,45.0,44.0,1.0,22,-0.05162093023255814,43,6732,2054,-488.7414,-0.07259973262032085
2025-10-14,50.0,45.0,5.0,22,-0.05162093023255814,43,6732,2054,-488.7414,-0.07259973262032085
2025-10-15,50.5,44.88,5.62,21,-0.13243043478260869,23,5156,1028,-550.9849,-0.10686285880527542
2025-10-16,51.0,44.75,6.25,20,-0.062177272727272734,22,4122,1265,-459.1031,-0.11137872392042697
2025-10-17,51.5,44.62,6.88,19,-0.140795,20,4191,828,-463.6988,-0.11064156525888809
2025-10-18,52.0,44.5,7.5,18,-0.25570666666666664,15,3189,768,-978.5424,-0.30684929444967074
2025-10-19,52.5,44.38,8.12,17,-0.0635076923076923,13,3048,555,-306.53409999999997,-0.10056893044619422
2025-10-20,53.0,44.25,8.75,16,-0.1535842105263158,19,3043,940,-716.8003,-0.2355571146894512
2025-10-21,53.5,44.12,9.38,15,-0.24091538461538461,13,2964,451,-607.0771,-0.20481683535762482
2025-10-22,54.0,44.0,10.0,14,-0.13587500000000002,20,4007,868,-241.8107,-0.06034706763164462
2025-10-23,53.0,45.0,8.0,13,-0.104775,28,4981,1447,-527.7234,-0.10594727966271833
2025-10-24,52.0,46.0,6.0,12,-0.05199090909090909,22,4495,1130,-251.63599999999997,-0.055981312569521685
2025-10-25,51.0,47.0,4.0,11,-0.13384473684210527,76,13348,3953,-1894.625,-0.14194074018579564
2025-10-25,51.0,43.0,8.0,11,-0.13384473684210527,76,13348,3953,-1894.625,-0.14194074018579564
2025-10-26,52.0,45.0,7.0,10,-0.12956071428571428,56,10057,2663,-1048.5834,-0.10426403500049716
2025-10-26,50.0,48.0,2.0,10,-0.12956071428571428,56,10057,2663,-1048.5834,-0.10426403500049716
2025-10-27,48.0,47.0,1.0,9,-0.17322444444444443,90,16653,4329,-2898.7887,-0.17407005944874798
2025-10-27,46.0,42.0,4.0,9,-0.17322444444444443,90,16653,4329,-2898.7887,-0.17407005944874798
2025-10-27,50.0,49.0,1.0,9,-0.17322444444444443,90,16653,4329,-2898.7887,-0.17407005944874798
2025-10-28,49.0,46.0,3.0,8,-0.15772250000000002,40,6716,2235,-677.1466,-0.10082587849910661
